,Coluna 1,Coluna 2,Coluna 3,Coluna 4,Médias
Linha 1,2.6,2.8,34.729,0.069,10.0495
Linha 2,0.139,1.612,1.673,5.893,2.32925
Linha 3,0.263,0.372,2.6,2.8,1.50875
Linha 4,34.729,0.069,0.139,1.612,9.137250000000002
Linha 5,1.673,5.893,0.263,0.372,2.05025
Médias,7.881,2.149,7.881,2.149,5.015000000000001
